{
  "dataByBrowser": {
    "and_chr": {
      "55": 1.09993
    },
    "and_ff": {
      "50": 0
    },
    "and_uc": {
      "11": 0
    },
    "android": {
      "3": 0,
      "4": 0,
      "53": 0,
      "2.1": 0,
      "2.2": 0,
      "2.3": 0,
      "4.1": 0,
      "4.2-4.3": 0,
      "4.4": 0,
      "4.4.3-4.4.4": 0
    },
    "bb": {
      "7": 0,
      "10": 0
    },
    "chrome": {
      "4": 0,
      "5": 0,
      "6": 0,
      "7": 0,
      "8": 0,
      "9": 0,
      "10": 0,
      "11": 0,
      "12": 0,
      "13": 0,
      "14": 0,
      "15": 0,
      "16": 0,
      "17": 0,
      "18": 0,
      "19": 0,
      "20": 0,
      "21": 0,
      "22": 0,
      "23": 0,
      "24": 0.03142,
      "25": 0,
      "26": 0,
      "27": 0.03142,
      "28": 0,
      "29": 0,
      "30": 0,
      "31": 0.15713,
      "32": 0.72281,
      "33": 0,
      "34": 0.12570,
      "35": 0.09428,
      "36": 0.31426,
      "37": 0,
      "38": 0,
      "39": 0.06285,
      "40": 1.60276,
      "41": 0.03142,
      "42": 0.21998,
      "43": 0.09428,
      "44": 0,
      "45": 0.18856,
      "46": 0.09428,
      "47": 0.78566,
      "48": 0.25141,
      "49": 0.53425,
      "50": 1.28849,
      "51": 15.11627,
      "52": 13.51351,
      "53": 15.87052,
      "54": 20.23884,
      "55": 5.81395,
      "56": 0.34569,
      "57": 0.12570,
      "58": 0
    },
    "edge": {
      "12": 0,
      "13": 0.31426,
      "14": 0.47140,
      "15": 0.03142
    },
    "firefox": {
      "2": 0,
      "3": 0,
      "4": 0,
      "5": 0,
      "6": 0.09428,
      "7": 0,
      "8": 0,
      "9": 0,
      "10": 0,
      "11": 0,
      "12": 0,
      "13": 0,
      "14": 0,
      "15": 0,
      "16": 0,
      "17": 0,
      "18": 0,
      "19": 0,
      "20": 0,
      "21": 0.09428,
      "22": 0,
      "23": 0,
      "24": 0,
      "25": 0.06285,
      "26": 0,
      "27": 0,
      "28": 0.06285,
      "29": 0.09428,
      "30": 0,
      "31": 0,
      "32": 0,
      "33": 0,
      "34": 0.03142,
      "35": 0,
      "36": 0.03142,
      "37": 0,
      "38": 0.09428,
      "39": 0,
      "40": 0,
      "41": 0,
      "42": 0.25141,
      "43": 0.25141,
      "44": 0.06285,
      "45": 0.21998,
      "46": 0.06285,
      "47": 3.01697,
      "48": 2.16844,
      "49": 2.76555,
      "50": 1.97988,
      "51": 0.37712,
      "52": 0.18856,
      "53": 0,
      "3.5": 0,
      "3.6": 0
    },
    "ie": {
      "6": 0.09428,
      "7": 0,
      "8": 0.03142,
      "9": 0.06285,
      "10": 0.09428,
      "11": 0.62853
    },
    "ie_mob": {
      "10": 0,
      "11": 0
    },
    "ios_saf": {
      "8": 0.47140,
      "10-10.1": 0.75424,
      "3.2": 0,
      "4.0-4.1": 0,
      "4.2-4.3": 0,
      "5.0-5.1": 0.06285,
      "6.0-6.1": 0.06285,
      "7.0-7.1": 0.15713,
      "8.1-8.4": 0,
      "9.0-9.2": 0.03142,
      "9.3": 0.84852
    },
    "op_mini": {
      "all": 0
    },
    "op_mob": {
      "12": 0,
      "37": 0,
      "12.1": 0
    },
    "opera": {
      "15": 0,
      "16": 0,
      "17": 0,
      "18": 0,
      "19": 0,
      "20": 0,
      "21": 0,
      "22": 0,
      "23": 0,
      "24": 0,
      "25": 0,
      "26": 0,
      "27": 0,
      "28": 0,
      "29": 0,
      "30": 0,
      "31": 0,
      "32": 0,
      "33": 0.09428,
      "34": 0,
      "35": 0,
      "36": 0,
      "37": 0,
      "38": 0.31426,
      "39": 0.12570,
      "40": 0,
      "41": 0.09428,
      "42": 0,
      "43": 0,
      "44": 0,
      "10.0-10.1": 0,
      "11.5": 0,
      "12.1": 0.09428
    },
    "safari": {
      "4": 0,
      "5": 0.03142,
      "6": 0,
      "7": 0.12570,
      "8": 0.03142,
      "9": 0.12570,
      "10": 1.38277,
      "3.1": 0,
      "3.2": 0,
      "5.1": 0.09428,
      "6.1": 0,
      "7.1": 0,
      "9.1": 1.16279,
      "TP": 0
    },
    "samsung": {
      "4": 0
    }
  },
  "id": "71568934|undefined",
  "meta": {
    "end_date": "2016-12-31",
    "start_date": "2016-07-01"
  },
  "name": "ptb2.me",
  "source": "google_analytics",
  "type": "custom",
  "uid": "custom.71568934|undefined"
}
